INSERT INTO `campagne` (`id_camp`, `cod_camp`, `lib_camp`, `dat_deb_camp`, `dat_fin_camp`, `tes_camp`, `dat_activat_prev_camp`, `dat_activat_effec_camp`, `dat_archiv_camp`, `dat_destruct_effec_camp`, `archiv_id_camp`) VALUES (1, '2015', '2015/2016', '2015-08-01', '2016-06-30', b'1', '2015-09-24 15:22:10', '2015-09-24 15:22:10', NULL, NULL, NULL);
INSERT INTO `centre_candidature` (`id_ctr_cand`, `cod_ctr_cand`, `lib_ctr_cand`, `id_typ_dec_fav`, `nb_max_voeux_ctr_cand`, `tem_demat_ctr_cand`, `tem_list_comp_ctr_cand`, `id_typ_dec_fav_list_comp`, `dat_deb_depot_ctr_cand`, `dat_fin_depot_ctr_cand`, `dat_retour_ctr_cand`, `dat_confirm_ctr_cand`, `dat_publi_ctr_cand`, `dat_jury_ctr_cand`, `tes_ctr_cand`, `dat_cre_ctr_cand`, `user_cre_ctr_cand`, `dat_mod_ctr_cand`, `user_mod_ctr_cand`) VALUES	(1, 'CTR_INFO', 'Centre informatique', 1, 20, b'0', b'1', 1, '2015-09-24', '2015-10-11', '2015-10-11', NULL, NULL, NULL, b'1', '2015-09-24 16:14:23', 'hergalan6', '2015-09-24 16:14:23', 'hergalan6'),	(2, 'CTR_L&L', 'Centre lettre et langue', 1, 20, b'0', b'1', 1, '2015-09-24', '2015-10-11', '2015-10-11', NULL, NULL, NULL, b'1', '2015-09-24 16:14:23', 'hergalan6', '2015-09-24 16:14:23', 'hergalan6'),	(3, 'CTR_MATH', 'Centre mathematique', 1, 20, b'0', b'1', 1, '2015-09-24', '2015-10-11', '2015-10-11', NULL, NULL, NULL, b'1', '2015-09-24 16:14:23', 'hergalan6', '2015-09-24 16:14:23', 'hergalan6');
INSERT INTO `adresse` (`id_adr`, `cod_pay`, `cod_bdi_adr`, `cod_com`, `lib_com_etr_adr`, `adr1_adr`, `adr2_adr`, `adr3_adr`) VALUES (1,'100', '57000', '57463', NULL, '12 rue de Nancy', NULL, NULL);
INSERT INTO `adresse` (`id_adr`, `cod_pay`, `cod_bdi_adr`, `cod_com`, `lib_com_etr_adr`, `adr1_adr`, `adr2_adr`, `adr3_adr`) VALUES (2,'100', '57000', '57463', NULL, '5 rue de Toulouse', NULL, NULL);
INSERT INTO `adresse` (`id_adr`, `cod_pay`, `cod_bdi_adr`, `cod_com`, `lib_com_etr_adr`, `adr1_adr`, `adr2_adr`, `adr3_adr`) VALUES (3,'100', '57000', '57463', NULL, '1 rue de Rennes', NULL, NULL);
INSERT INTO `commission` (`id_ctr_cand`, `cod_comm`, `lib_comm`, `mail_comm`, `tel_comm`, `fax_comm`, `id_adr`, `comment_retour_comm`, `tes_comm`, `dat_cre_comm`, `user_cre_comm`, `dat_mod_comm`, `user_mod_comm`) VALUES (1, 'CI1', 'Commission_Informatique-1', 'hergalant.kevin@univ-lorraine.fr', '0303030303', NULL, 1, NULL, b'1', '2015-10-01 15:18:33', 'hergalan6', '2015-10-01 15:18:33', 'hergalan6');
INSERT INTO `commission` (`id_ctr_cand`, `cod_comm`, `lib_comm`, `mail_comm`, `tel_comm`, `fax_comm`, `id_adr`, `comment_retour_comm`, `tes_comm`, `dat_cre_comm`, `user_cre_comm`, `dat_mod_comm`, `user_mod_comm`) VALUES (1, 'CI2', 'Commission_Informatique-2', 'hergalant.kevin@univ-lorraine.fr', '0303030303', NULL, 2, NULL, b'1', '2015-10-01 15:18:33', 'hergalan6', '2015-10-01 15:18:33', 'hergalan6');
INSERT INTO `commission` (`id_ctr_cand`, `cod_comm`, `lib_comm`, `mail_comm`, `tel_comm`, `fax_comm`, `id_adr`, `comment_retour_comm`, `tes_comm`, `dat_cre_comm`, `user_cre_comm`, `dat_mod_comm`, `user_mod_comm`) VALUES (1, 'CI3', 'Commission_Informatique-3', 'hergalant.kevin@univ-lorraine.fr', '0303030303', NULL, 3, NULL, b'1', '2015-10-01 15:18:33', 'hergalan6', '2015-10-01 15:18:33', 'hergalan6');
INSERT INTO `adresse` (`id_adr`, `cod_pay`, `cod_bdi_adr`, `cod_com`, `lib_com_etr_adr`, `adr1_adr`, `adr2_adr`, `adr3_adr`) VALUES (5,'100', '57000', '57463', NULL, '12 rue de Nice', NULL, NULL);
INSERT INTO `adresse` (`id_adr`, `cod_pay`, `cod_bdi_adr`, `cod_com`, `lib_com_etr_adr`, `adr1_adr`, `adr2_adr`, `adr3_adr`) VALUES (6,'100', '57000', '57463', NULL, '5 rue de Paris', NULL, NULL);
INSERT INTO `adresse` (`id_adr`, `cod_pay`, `cod_bdi_adr`, `cod_com`, `lib_com_etr_adr`, `adr1_adr`, `adr2_adr`, `adr3_adr`) VALUES (7,'100', '57000', '57463', NULL, '1 rue de Lille', NULL, NULL);
INSERT INTO `commission` (`id_ctr_cand`, `cod_comm`, `lib_comm`, `mail_comm`, `tel_comm`, `fax_comm`, `id_adr`, `comment_retour_comm`, `tes_comm`, `dat_cre_comm`, `user_cre_comm`, `dat_mod_comm`, `user_mod_comm`) VALUES (2, 'LL1', 'Commission_L&L-1', 'hergalant.kevin@univ-lorraine.fr', '0303030303', NULL, 5, NULL, b'1', '2015-10-01 15:18:33', 'hergalan6', '2015-10-01 15:18:33', 'hergalan6');
INSERT INTO `commission` (`id_ctr_cand`, `cod_comm`, `lib_comm`, `mail_comm`, `tel_comm`, `fax_comm`, `id_adr`, `comment_retour_comm`, `tes_comm`, `dat_cre_comm`, `user_cre_comm`, `dat_mod_comm`, `user_mod_comm`) VALUES (2, 'LL2', 'Commission_L&L-2', 'hergalant.kevin@univ-lorraine.fr', '0303030303', NULL, 6, NULL, b'1', '2015-10-01 15:18:33', 'hergalan6', '2015-10-01 15:18:33', 'hergalan6');
INSERT INTO `commission` (`id_ctr_cand`, `cod_comm`, `lib_comm`, `mail_comm`, `tel_comm`, `fax_comm`, `id_adr`, `comment_retour_comm`, `tes_comm`, `dat_cre_comm`, `user_cre_comm`, `dat_mod_comm`, `user_mod_comm`) VALUES (2, 'LL3', 'Commission_L&L-3', 'hergalant.kevin@univ-lorraine.fr', '0303030303', NULL, 7, NULL, b'1', '2015-10-01 15:18:33', 'hergalan6', '2015-10-01 15:18:33', 'hergalan6');
INSERT INTO `adresse` (`id_adr`, `cod_pay`, `cod_bdi_adr`, `cod_com`, `lib_com_etr_adr`, `adr1_adr`, `adr2_adr`, `adr3_adr`) VALUES (8,'100', '57000', '57463', NULL, '12 rue de Strasbourg', NULL, NULL);
INSERT INTO `adresse` (`id_adr`, `cod_pay`, `cod_bdi_adr`, `cod_com`, `lib_com_etr_adr`, `adr1_adr`, `adr2_adr`, `adr3_adr`) VALUES (9,'100', '57000', '57463', NULL, '5 rue de Nantes', NULL, NULL);
INSERT INTO `adresse` (`id_adr`, `cod_pay`, `cod_bdi_adr`, `cod_com`, `lib_com_etr_adr`, `adr1_adr`, `adr2_adr`, `adr3_adr`) VALUES (10,'100', '57000', '57463', NULL, '1 rue de Bordeaux', NULL, NULL);
INSERT INTO `commission` (`id_ctr_cand`, `cod_comm`, `lib_comm`, `mail_comm`, `tel_comm`, `fax_comm`, `id_adr`, `comment_retour_comm`, `tes_comm`, `dat_cre_comm`, `user_cre_comm`, `dat_mod_comm`, `user_mod_comm`) VALUES (3, 'MA1', 'Commission_Math-1', 'hergalant.kevin@univ-lorraine.fr', '0303030303', NULL, 8, NULL, b'1', '2015-10-01 15:18:33', 'hergalan6', '2015-10-01 15:18:33', 'hergalan6');
INSERT INTO `commission` (`id_ctr_cand`, `cod_comm`, `lib_comm`, `mail_comm`, `tel_comm`, `fax_comm`, `id_adr`, `comment_retour_comm`, `tes_comm`, `dat_cre_comm`, `user_cre_comm`, `dat_mod_comm`, `user_mod_comm`) VALUES (3, 'MA2', 'Commission_Math-2', 'hergalant.kevin@univ-lorraine.fr', '0303030303', NULL, 9, NULL, b'1', '2015-10-01 15:18:33', 'hergalan6', '2015-10-01 15:18:33', 'hergalan6');
INSERT INTO `commission` (`id_ctr_cand`, `cod_comm`, `lib_comm`, `mail_comm`, `tel_comm`, `fax_comm`, `id_adr`, `comment_retour_comm`, `tes_comm`, `dat_cre_comm`, `user_cre_comm`, `dat_mod_comm`, `user_mod_comm`) VALUES (3, 'MA3', 'Commission_Math-3', 'hergalant.kevin@univ-lorraine.fr', '0303030303', NULL, 10, NULL, b'1', '2015-10-01 15:18:33', 'hergalan6', '2015-10-01 15:18:33', 'hergalan6');
INSERT INTO `i18n` (`id_i18n`, `cod_typ_trad`) VALUES (60, 'MAIL_SUJET');
INSERT INTO `i18n` (`id_i18n`, `cod_typ_trad`) VALUES (61, 'MAIL_CORPS');
INSERT INTO `i18n_traduction` (`id_i18n`, `cod_langue`, `val_trad`) VALUES (60, 'fr', 'Mail Favorable Exemple');
INSERT INTO `i18n_traduction` (`id_i18n`, `cod_langue`, `val_trad`) VALUES (61, 'fr', 'Mail Favorable Exemple');
INSERT INTO `mail` (`id_mail`, `cod_typ_avis`, `cod_mail`, `lib_mail`, `tem_is_modele_mail`, `tes_mail`, `id_i18n_sujet_mail`, `id_i18n_corps_mail`, `dat_cre_mail`, `user_cre_mail`, `dat_mod_mail`, `user_mod_mail`) VALUES (23, 'FA', 'FAV_EX', 'Mail Favorable Exemple', b'0', b'1', 60, 61, '2015-10-01 15:35:36', 'hergalan6', '2015-10-01 15:35:36', 'hergalan6');
INSERT INTO `i18n` (`id_i18n`, `cod_typ_trad`) VALUES (62, 'MAIL_SUJET');
INSERT INTO `i18n` (`id_i18n`, `cod_typ_trad`) VALUES (63, 'MAIL_CORPS');
INSERT INTO `i18n_traduction` (`id_i18n`, `cod_langue`, `val_trad`) VALUES (62, 'fr', 'Mail Defavorable Exemple');
INSERT INTO `i18n_traduction` (`id_i18n`, `cod_langue`, `val_trad`) VALUES (63, 'fr', 'Mail Defavorable Exemple');
INSERT INTO `mail` (`id_mail`, `cod_typ_avis`, `cod_mail`, `lib_mail`, `tem_is_modele_mail`, `tes_mail`, `id_i18n_sujet_mail`, `id_i18n_corps_mail`, `dat_cre_mail`, `user_cre_mail`, `dat_mod_mail`, `user_mod_mail`) VALUES (24, 'DE', 'DEFAV_EX', 'Mail Defavorable Exemple', b'0', b'1', 62, 63, '2015-10-01 15:35:36', 'hergalan6', '2015-10-01 15:35:36', 'hergalan6');
INSERT INTO `i18n` (`id_i18n`, `cod_typ_trad`) VALUES (64, 'MAIL_SUJET');
INSERT INTO `i18n` (`id_i18n`, `cod_typ_trad`) VALUES (65, 'MAIL_CORPS');
INSERT INTO `i18n_traduction` (`id_i18n`, `cod_langue`, `val_trad`) VALUES (64, 'fr', 'Mail Liste Attente Exemple');
INSERT INTO `i18n_traduction` (`id_i18n`, `cod_langue`, `val_trad`) VALUES (65, 'fr', 'Mail Liste Attente Exemple');
INSERT INTO `mail` (`id_mail`, `cod_typ_avis`, `cod_mail`, `lib_mail`, `tem_is_modele_mail`, `tes_mail`, `id_i18n_sujet_mail`, `id_i18n_corps_mail`, `dat_cre_mail`, `user_cre_mail`, `dat_mod_mail`, `user_mod_mail`) VALUES (25, 'LA', 'LIST_ATT_EX', 'Mail Liste Attente Exemple', b'0', b'1', 64, 65, '2015-10-01 15:35:36', 'hergalan6', '2015-10-01 15:35:36', 'hergalan6');
INSERT INTO `i18n` (`id_i18n`, `cod_typ_trad`) VALUES (66, 'MAIL_SUJET');
INSERT INTO `i18n` (`id_i18n`, `cod_typ_trad`) VALUES (67, 'MAIL_CORPS');
INSERT INTO `i18n_traduction` (`id_i18n`, `cod_langue`, `val_trad`) VALUES (66, 'fr', 'Mail Liste Complementaire Exemple');
INSERT INTO `i18n_traduction` (`id_i18n`, `cod_langue`, `val_trad`) VALUES (67, 'fr', 'Mail Liste Complementaire Exemple');
INSERT INTO `mail` (`id_mail`, `cod_typ_avis`, `cod_mail`, `lib_mail`, `tem_is_modele_mail`, `tes_mail`, `id_i18n_sujet_mail`, `id_i18n_corps_mail`, `dat_cre_mail`, `user_cre_mail`, `dat_mod_mail`, `user_mod_mail`) VALUES (26, 'LC', 'LIST_COMP_EX', 'Mail Liste Complementaire Exemple', b'0', b'1', 66, 67, '2015-10-01 15:35:36', 'hergalan6', '2015-10-01 15:35:36', 'hergalan6');
INSERT INTO `i18n` (`id_i18n`, `cod_typ_trad`) VALUES (68, 'MAIL_SUJET');
INSERT INTO `i18n` (`id_i18n`, `cod_typ_trad`) VALUES (69, 'MAIL_CORPS');
INSERT INTO `i18n_traduction` (`id_i18n`, `cod_langue`, `val_trad`) VALUES (68, 'fr', 'Mail Preselection Exemple');
INSERT INTO `i18n_traduction` (`id_i18n`, `cod_langue`, `val_trad`) VALUES (69, 'fr', 'Mail Preselection Exemple');
INSERT INTO `mail` (`id_mail`, `cod_typ_avis`, `cod_mail`, `lib_mail`, `tem_is_modele_mail`, `tes_mail`, `id_i18n_sujet_mail`, `id_i18n_corps_mail`, `dat_cre_mail`, `user_cre_mail`, `dat_mod_mail`, `user_mod_mail`) VALUES (27, 'PR', 'LIST_PRES_EX', 'Mail Liste Preselection Exemple', b'0', b'1', 68, 69, '2015-10-01 15:35:36', 'hergalan6', '2015-10-01 15:35:36', 'hergalan6');
INSERT INTO `i18n` (`id_i18n`, `cod_typ_trad`) VALUES (70, 'TYP_DEC_LIB');
INSERT INTO `i18n_traduction` (`id_i18n`, `cod_langue`, `val_trad`) VALUES (70, 'fr', 'Decision Favorable Exemple');
INSERT INTO `type_decision` (`id_typ_dec`, `cod_typ_avis`, `cod_typ_dec`, `lib_typ_dec`, `id_i18n_lib_typ_dec`, `id_mail`, `tem_deverse_opi_typ_dec`, `tem_definitif_typ_dec`, `tes_typ_dec`, `tem_model_typ_dec`, `dat_cre_typ_dec`, `user_cre_typ_dec`, `dat_mod_typ_dec`, `user_mod_typ_dec`) VALUES (6, 'FA', 'FAV_EX', 'Decision Favorable Exemple', 70, 23, b'1', b'1', b'1', b'0', '2015-10-01 15:46:06', 'hergalan6', '2015-10-01 15:46:06', 'hergalan6');
INSERT INTO `i18n` (`id_i18n`, `cod_typ_trad`) VALUES (71, 'TYP_DEC_LIB');
INSERT INTO `i18n_traduction` (`id_i18n`, `cod_langue`, `val_trad`) VALUES (71, 'fr', 'Decision Defavorable Exemple');
INSERT INTO `type_decision` (`id_typ_dec`, `cod_typ_avis`, `cod_typ_dec`, `lib_typ_dec`, `id_i18n_lib_typ_dec`, `id_mail`, `tem_deverse_opi_typ_dec`, `tem_definitif_typ_dec`, `tes_typ_dec`, `tem_model_typ_dec`, `dat_cre_typ_dec`, `user_cre_typ_dec`, `dat_mod_typ_dec`, `user_mod_typ_dec`) VALUES (7, 'DE', 'DEF_EX', 'Decision Defavorable Exemple', 71, 24, b'0', b'1', b'1', b'0', '2015-10-01 15:46:06', 'hergalan6', '2015-10-01 15:46:06', 'hergalan6');
INSERT INTO `i18n` (`id_i18n`, `cod_typ_trad`) VALUES (72, 'TYP_DEC_LIB');
INSERT INTO `i18n_traduction` (`id_i18n`, `cod_langue`, `val_trad`) VALUES (72, 'fr', 'Decision Liste Attente Exemple');
INSERT INTO `type_decision` (`id_typ_dec`, `cod_typ_avis`, `cod_typ_dec`, `lib_typ_dec`, `id_i18n_lib_typ_dec`, `id_mail`, `tem_deverse_opi_typ_dec`, `tem_definitif_typ_dec`, `tes_typ_dec`, `tem_model_typ_dec`, `dat_cre_typ_dec`, `user_cre_typ_dec`, `dat_mod_typ_dec`, `user_mod_typ_dec`) VALUES (8, 'LA', 'LAT_EX', 'Decision Liste Attente Exemple', 72, 25, b'0', b'0', b'1', b'0', '2015-10-01 15:46:06', 'hergalan6', '2015-10-01 15:46:06', 'hergalan6');
INSERT INTO `i18n` (`id_i18n`, `cod_typ_trad`) VALUES (73, 'TYP_DEC_LIB');
INSERT INTO `i18n_traduction` (`id_i18n`, `cod_langue`, `val_trad`) VALUES (73, 'fr', 'Decision Liste Complementaire Exemple');
INSERT INTO `type_decision` (`id_typ_dec`, `cod_typ_avis`, `cod_typ_dec`, `lib_typ_dec`, `id_i18n_lib_typ_dec`, `id_mail`, `tem_deverse_opi_typ_dec`, `tem_definitif_typ_dec`, `tes_typ_dec`, `tem_model_typ_dec`, `dat_cre_typ_dec`, `user_cre_typ_dec`, `dat_mod_typ_dec`, `user_mod_typ_dec`) VALUES (9, 'LC', 'LCOMP_EX', 'Decision Liste Complementaire Exemple', 73, 26, b'0', b'0', b'1', b'0', '2015-10-01 15:46:06', 'hergalan6', '2015-10-01 15:46:06', 'hergalan6');
INSERT INTO `i18n` (`id_i18n`, `cod_typ_trad`) VALUES (74, 'TYP_DEC_LIB');
INSERT INTO `i18n_traduction` (`id_i18n`, `cod_langue`, `val_trad`) VALUES (74, 'fr', 'Decision Preselection Exemple');
INSERT INTO `type_decision` (`id_typ_dec`, `cod_typ_avis`, `cod_typ_dec`, `lib_typ_dec`, `id_i18n_lib_typ_dec`, `id_mail`, `tem_deverse_opi_typ_dec`, `tem_definitif_typ_dec`, `tes_typ_dec`, `tem_model_typ_dec`, `dat_cre_typ_dec`, `user_cre_typ_dec`, `dat_mod_typ_dec`, `user_mod_typ_dec`) VALUES (10, 'PR', 'PRES_EX', 'Decision Preselection Exemple', 74, 27, b'0', b'0', b'1', b'0', '2015-10-01 15:46:06', 'hergalan6', '2015-10-01 15:46:06', 'hergalan6');
INSERT INTO `i18n` (`id_i18n`, `cod_typ_trad`) VALUES (75, 'MOTIV_LIB');
INSERT INTO `i18n_traduction` (`id_i18n`, `cod_langue`, `val_trad`) VALUES (75, 'fr', 'Motivation dossier incomplet');
INSERT INTO `motivation_avis` (`id_motiv`, `cod_motiv`, `lib_motiv`, `id_i18n_lib_motiv`, `tes_motiv`, `dat_cre_motiv`, `user_cre_motiv`, `dat_mod_motiv`, `user_mod_motiv`) VALUES (1, 'MOTIV_INCOMPLET', 'Motivation dossier incomplet', 75, b'1', '2015-10-01 15:59:16', 'hergalan6', '2015-10-01 15:59:16', 'hergalan6');
INSERT INTO `i18n` (`id_i18n`, `cod_typ_trad`) VALUES (76, 'MOTIV_LIB');
INSERT INTO `i18n_traduction` (`id_i18n`, `cod_langue`, `val_trad`) VALUES (76, 'fr', 'Motivation manque diplôme');
INSERT INTO `motivation_avis` (`id_motiv`, `cod_motiv`, `lib_motiv`, `id_i18n_lib_motiv`, `tes_motiv`, `dat_cre_motiv`, `user_cre_motiv`, `dat_mod_motiv`, `user_mod_motiv`) VALUES (2, 'MOTIV_MANQ_DIP', 'Motivation manque diplôme', 76, b'1', '2015-10-01 15:59:16', 'hergalan6', '2015-10-01 15:59:16', 'hergalan6');
INSERT INTO `i18n` (`id_i18n`, `cod_typ_trad`) VALUES (77, 'MOTIV_LIB');
INSERT INTO `i18n_traduction` (`id_i18n`, `cod_langue`, `val_trad`) VALUES (77, 'fr', 'Motivation formation complete');
INSERT INTO `motivation_avis` (`id_motiv`, `cod_motiv`, `lib_motiv`, `id_i18n_lib_motiv`, `tes_motiv`, `dat_cre_motiv`, `user_cre_motiv`, `dat_mod_motiv`, `user_mod_motiv`) VALUES (3, 'MOTIV_FORM_COMPLET', 'Motivation formation complete', 77, b'1', '2015-10-01 15:59:16', 'hergalan6', '2015-10-01 15:59:16', 'hergalan6');
INSERT INTO `i18n` (`id_i18n`, `cod_typ_trad`) VALUES (78, 'MOTIV_LIB');
INSERT INTO `i18n_traduction` (`id_i18n`, `cod_langue`, `val_trad`) VALUES (78, 'fr', 'Motivation formation fermee');
INSERT INTO `motivation_avis` (`id_motiv`, `cod_motiv`, `lib_motiv`, `id_i18n_lib_motiv`, `tes_motiv`, `dat_cre_motiv`, `user_cre_motiv`, `dat_mod_motiv`, `user_mod_motiv`) VALUES (4, 'MOTIV_FORM_FERME', 'Motivation formation fermee', 78, b'1', '2015-10-01 15:59:16', 'hergalan6', '2015-10-01 15:59:16', 'hergalan6');
INSERT INTO `i18n` (`id_i18n`, `cod_typ_trad`) VALUES (79, 'PJ_LIB');
INSERT INTO `i18n` (`id_i18n`, `cod_typ_trad`) VALUES (80, 'PJ_LIB');
INSERT INTO `i18n_traduction` (`id_i18n`, `cod_langue`, `val_trad`) VALUES (79, 'fr', 'Piece d\'identite');
INSERT INTO `i18n_traduction` (`id_i18n`, `cod_langue`, `val_trad`) VALUES (80, 'fr', 'Baccalaureat');
INSERT INTO `piece_justif` (`id_pj`, `cod_pj`, `lib_pj`, `tes_pj`, `id_i18n_lib_pj`, `id_fichier`, `tem_commun_pj`, `tem_conditionnel_pj`, `id_ctr_cand`, `dat_cre_pj`, `user_cre_pj`, `dat_mod_pj`, `user_mod_pj`) VALUES (1, 'PJ_CARTE_ID', 'Piece d\'identite', b'1', 79, NULL, b'1', b'0', NULL, '2015-10-01 16:05:25', 'hergalan6', '2015-10-01 16:05:25', 'hergalan6');
INSERT INTO `piece_justif` (`id_pj`, `cod_pj`, `lib_pj`, `tes_pj`, `id_i18n_lib_pj`, `id_fichier`, `tem_commun_pj`, `tem_conditionnel_pj`, `id_ctr_cand`, `dat_cre_pj`, `user_cre_pj`, `dat_mod_pj`, `user_mod_pj`) VALUES (2, 'PJ_BAC', 'Baccalaureat', b'1', 80, NULL, b'1', b'0', NULL, '2015-10-01 16:05:54', 'hergalan6', '2015-10-01 16:05:54', 'hergalan6');
INSERT INTO `i18n` (`id_i18n`, `cod_typ_trad`) VALUES (81, 'FORM_LIB');
INSERT INTO `i18n` (`id_i18n`, `cod_typ_trad`) VALUES (82, 'FORM_URL');
INSERT INTO `i18n_traduction` (`id_i18n`, `cod_langue`, `val_trad`) VALUES (81, 'fr', 'Motivations du candidat');
INSERT INTO `i18n_traduction` (`id_i18n`, `cod_langue`, `val_trad`) VALUES (82, 'fr', 'http://localhost/limesurvey/index.php/667896/lang-fr');
INSERT INTO `formulaire` (`id_formulaire`, `id_formulaire_limesurvey`, `cod_formulaire`, `lib_formulaire`, `id_i18n_lib_formulaire`, `id_i18n_url_formulaire`, `tes_formulaire`, `tem_conditionnel_formulaire`, `tem_commun_formulaire`, `id_ctr_cand`, `dat_cre_formulaire`, `user_cre_formulaire`, `dat_mod_formulaire`, `user_mod_formulaire`) VALUES (1, 658978, 'MOTIVATION_CAND', 'Motivations du candidat', 81, 82, b'1', b'0', b'1', NULL, '2015-10-01 16:09:28', 'hergalan6', '2015-10-01 16:09:28', 'hergalan6');
INSERT INTO `i18n` (`id_i18n`, `cod_typ_trad`) VALUES (83, 'PJ_LIB');
INSERT INTO `i18n` (`id_i18n`, `cod_typ_trad`) VALUES (84, 'PJ_LIB');
INSERT INTO `i18n_traduction` (`id_i18n`, `cod_langue`, `val_trad`) VALUES (83, 'fr', 'Attestation examen C2I');
INSERT INTO `i18n_traduction` (`id_i18n`, `cod_langue`, `val_trad`) VALUES (84, 'fr', 'Certification Java');
INSERT INTO `piece_justif` (`id_pj`, `cod_pj`, `lib_pj`, `tes_pj`, `id_i18n_lib_pj`, `id_fichier`, `tem_commun_pj`, `tem_conditionnel_pj`, `id_ctr_cand`, `dat_cre_pj`, `user_cre_pj`, `dat_mod_pj`, `user_mod_pj`) VALUES (3, 'PJ_SPEC_INFO_C2I', 'Attestation examen C2I', b'1', 83, NULL, b'0', b'0', 1, '2015-10-01 16:11:43', 'hergalan6', '2015-10-01 16:11:43', 'hergalan6');
INSERT INTO `piece_justif` (`id_pj`, `cod_pj`, `lib_pj`, `tes_pj`, `id_i18n_lib_pj`, `id_fichier`, `tem_commun_pj`, `tem_conditionnel_pj`, `id_ctr_cand`, `dat_cre_pj`, `user_cre_pj`, `dat_mod_pj`, `user_mod_pj`) VALUES (4, 'PJ_SPEC_CERTIF', 'Certification Java', b'1', 84, NULL, b'0', b'1', 1, '2015-10-01 16:12:13', 'hergalan6', '2015-10-01 16:12:13', 'hergalan6');
INSERT INTO `i18n` (`id_i18n`, `cod_typ_trad`) VALUES (85, 'FAQ_QUESTION');
INSERT INTO `i18n` (`id_i18n`, `cod_typ_trad`) VALUES (86, 'FAQ_REPONSE');
INSERT INTO `i18n` (`id_i18n`, `cod_typ_trad`) VALUES (87, 'FAQ_QUESTION');
INSERT INTO `i18n` (`id_i18n`, `cod_typ_trad`) VALUES (88, 'FAQ_REPONSE');
INSERT INTO `i18n_traduction` (`id_i18n`, `cod_langue`, `val_trad`) VALUES (85, 'fr', 'Comment creer mon compte?');
INSERT INTO `i18n_traduction` (`id_i18n`, `cod_langue`, `val_trad`) VALUES (86, 'fr', 'Rendez vous sur la page d\'accueil');
INSERT INTO `i18n_traduction` (`id_i18n`, `cod_langue`, `val_trad`) VALUES (87, 'fr', 'Comment candidater?');
INSERT INTO `i18n_traduction` (`id_i18n`, `cod_langue`, `val_trad`) VALUES (88, 'fr', 'Rendez vous dans l\'offre de formation, selectionnez une formation et cliquez sur celle-ci');
INSERT INTO `faq` (`id_faq`, `lib_faq`, `id_i18n_question_faq`, `id_i18n_reponse_faq`, `order_faq`) VALUES (1, 'Comment creer mon compte', 85, 86, 1);
INSERT INTO `faq` (`id_faq`, `lib_faq`, `id_i18n_question_faq`, `id_i18n_reponse_faq`, `order_faq`) VALUES (2, 'Comment candidater', 87, 88, 2);
INSERT INTO `formation` VALUES (1, 1, 'AC', 'MATH-INFO1', 'Math info 1', '1SMATZ', '200', 'L1-Mathematiques informatique', 1, b'1', 1, '2015-09-24', '2015-10-11', '2015-10-11', '2015-10-30', '2015-11-30', '2015-11-15', 'FB0', NULL, 'XA', '2015-10-21', '10:30:00', 'Metz', b'1', '2015-10-01 16:36:51', 'hergalan6', '2015-10-01 16:40:52', 'hergalan6');
INSERT INTO `formation` VALUES (3, 1, 'AC', 'MATH-INFO2', 'Math info 2', '1SMATZ', '200', 'L1-Mathematiques informatique', 1, b'1', 1, '2015-09-24', '2015-10-11', '2015-10-11', '2015-10-30', '2015-11-30', '2015-11-15', 'FB0', NULL, 'XA', '2015-10-21', '10:30:00', 'Metz', b'1', '2015-10-01 16:36:51', 'hergalan6', '2015-10-01 16:40:52', 'hergalan6');
INSERT INTO `formation` VALUES (4, 1, 'AD', 'MATH-INFO3', 'Math info 3', '1SMATZ', '200', 'L1-Mathematiques informatique', 1, b'1', 1, '2015-09-24', '2015-10-11', '2015-10-11', '2015-10-30', '2015-11-30', '2015-11-15', 'FB0', NULL, 'XA', '2015-10-21', '10:30:00', 'Metz', b'1', '2015-10-01 16:36:51', 'hergalan6', '2015-10-01 16:40:52', 'hergalan6');
INSERT INTO `formation` VALUES (5, 1, 'AD', 'MATH-INFO4', 'Math info 4', '1SMATZ', '200', 'L1-Mathematiques informatique', 1, b'1', 1, '2015-09-24', '2015-10-11', '2015-10-11', '2015-10-30', '2015-11-30', '2015-11-15', 'FB0', NULL, 'XA', '2015-10-21', '10:30:00', 'Metz', b'1', '2015-10-01 16:36:51', 'hergalan6', '2015-10-01 16:40:52', 'hergalan6');
INSERT INTO `formation` VALUES (6, 1, 'AD', 'MATH-INFO5', 'Math info 5', '1SMATZ', '200', 'L1-Mathematiques informatique', 1, b'1', 1, '2015-09-24', '2015-10-11', '2015-10-11', '2015-10-30', '2015-11-30', '2015-11-15', 'FB0', NULL, 'XB', '2015-10-21', '10:30:00', 'Metz', b'1', '2015-10-01 16:36:51', 'hergalan6', '2015-10-01 17:25:33', 'hergalan6');
INSERT INTO `formation` VALUES (7, 1, 'AD', 'MATH-INFO6', 'Math info 6', '1SMATZ', '200', 'L1-Mathematiques informatique', 1, b'1', 1, '2015-09-24', '2015-10-11', '2015-10-11', '2015-10-30', '2015-11-30', '2015-11-15', 'FB0', NULL, 'XB', '2015-10-21', '10:30:00', 'Metz', b'1', '2015-10-01 16:36:51', 'hergalan6', '2015-10-01 17:25:16', 'hergalan6');
INSERT INTO `formation` VALUES (8, 2, 'AC', 'MATH-INFO7', 'Math info 7', '1SMATZ', '200', 'L1-Mathematiques informatique', 1, b'1', 1, '2015-09-24', '2015-10-11', '2015-10-11', '2015-10-30', '2015-11-30', '2015-11-15', 'FB0', NULL, 'XA', '2015-10-21', '10:30:00', 'Metz', b'1', '2015-10-01 16:36:51', 'hergalan6', '2015-10-01 16:40:52', 'hergalan6');
INSERT INTO `formation` VALUES (9, 2, 'AC', 'MATH-INFO8', 'Math info 8', '1SMATZ', '200', 'L1-Mathematiques informatique', 1, b'1', 1, '2015-09-24', '2015-10-11', '2015-10-11', '2015-10-30', '2015-11-30', '2015-11-15', 'FB0', NULL, 'XA', '2015-10-21', '10:30:00', 'Metz', b'1', '2015-10-01 16:36:51', 'hergalan6', '2015-10-01 16:40:52', 'hergalan6');
INSERT INTO `formation` VALUES (10, 2, 'AD', 'MATH-INFO9', 'Math info 9', '1SMATZ', '200', 'L1-Mathematiques informatique', 1, b'1', 1, '2015-09-24', '2015-10-11', '2015-10-11', '2015-10-30', '2015-11-30', '2015-11-15', 'FB0', NULL, 'XA', '2015-10-21', '10:30:00', 'Metz', b'1', '2015-10-01 16:36:51', 'hergalan6', '2015-10-01 16:40:52', 'hergalan6');
INSERT INTO `formation` VALUES (11, 2, 'AD', 'MATH-INFO10', 'Math info 10', '1SMATZ', '200', 'L1-Mathematiques informatique', 1, b'1', 1, '2015-09-24', '2015-10-11', '2015-10-11', '2015-10-30', '2015-11-30', '2015-11-15', 'FB0', NULL, 'XA', '2015-10-21', '10:30:00', 'Metz', b'1', '2015-10-01 16:36:51', 'hergalan6', '2015-10-01 16:40:52', 'hergalan6');
INSERT INTO `formation` VALUES (12, 2, 'AD', 'MATH-INFO11', 'Math info 11', '1SMATZ', '200', 'L1-Mathematiques informatique', 1, b'1', 1, '2015-09-24', '2015-10-11', '2015-10-11', '2015-10-30', '2015-11-30', '2015-11-15', 'FB0', NULL, 'XB', '2015-10-21', '10:30:00', 'Metz', b'1', '2015-10-01 16:36:51', 'hergalan6', '2015-10-01 17:25:33', 'hergalan6');
INSERT INTO `formation` VALUES (13, 2, 'AD', 'MATH-INFO12', 'Math info 12', '1SMATZ', '200', 'L1-Mathematiques informatique', 1, b'1', 1, '2015-09-24', '2015-10-11', '2015-10-11', '2015-10-30', '2015-11-30', '2015-11-15', 'FB0', NULL, 'XB', '2015-10-21', '10:30:00', 'Metz', b'1', '2015-10-01 16:36:51', 'hergalan6', '2015-10-01 17:25:16', 'hergalan6');
INSERT INTO `formation` VALUES (14, 3, 'AC', 'MATH-INFO13', 'Math info 13', '1SMATZ', '200', 'L1-Mathematiques informatique', 1, b'1', 1, '2015-09-24', '2015-10-11', '2015-10-11', '2015-10-30', '2015-11-30', '2015-11-15', 'FB0', NULL, 'XA', '2015-10-21', '10:30:00', 'Metz', b'1', '2015-10-01 16:36:51', 'hergalan6', '2015-10-01 16:40:52', 'hergalan6');
INSERT INTO `formation` VALUES (15, 3, 'AC', 'MATH-INFO14', 'Math info 14', '1SMATZ', '200', 'L1-Mathematiques informatique', 1, b'1', 1, '2015-09-24', '2015-10-11', '2015-10-11', '2015-10-30', '2015-11-30', '2015-11-15', 'FB0', NULL, 'XA', '2015-10-21', '10:30:00', 'Metz', b'1', '2015-10-01 16:36:51', 'hergalan6', '2015-10-01 16:40:52', 'hergalan6');
INSERT INTO `formation` VALUES (16, 3, 'AD', 'MATH-INFO15', 'Math info 15', '1SMATZ', '200', 'L1-Mathematiques informatique', 1, b'1', 1, '2015-09-24', '2015-10-11', '2015-10-11', '2015-10-30', '2015-11-30', '2015-11-15', 'FB0', NULL, 'XA', '2015-10-21', '10:30:00', 'Metz', b'1', '2015-10-01 16:36:51', 'hergalan6', '2015-10-01 16:40:52', 'hergalan6');
INSERT INTO `formation` VALUES (17, 3, 'AD', 'MATH-INFO16', 'Math info 16', '1SMATZ', '200', 'L1-Mathematiques informatique', 1, b'1', 1, '2015-09-24', '2015-10-11', '2015-10-11', '2015-10-30', '2015-11-30', '2015-11-15', 'FB0', NULL, 'XA', '2015-10-21', '10:30:00', 'Metz', b'1', '2015-10-01 16:36:51', 'hergalan6', '2015-10-01 16:40:52', 'hergalan6');
INSERT INTO `formation` VALUES (18, 3, 'AD', 'MATH-INFO17', 'Math info 17', '1SMATZ', '200', 'L1-Mathematiques informatique', 1, b'1', 1, '2015-09-24', '2015-10-11', '2015-10-11', '2015-10-30', '2015-11-30', '2015-11-15', 'FB0', NULL, 'XB', '2015-10-21', '10:30:00', 'Metz', b'1', '2015-10-01 16:36:51', 'hergalan6', '2015-10-01 17:25:33', 'hergalan6');
INSERT INTO `formation` VALUES (19, 3, 'AD', 'MATH-INFO18', 'Math info 18', '1SMATZ', '200', 'L1-Mathematiques informatique', 1, b'1', 1, '2015-09-24', '2015-10-11', '2015-10-11', '2015-10-30', '2015-11-30', '2015-11-15', 'FB0', NULL, 'XB', '2015-10-21', '10:30:00', 'Metz', b'1', '2015-10-01 16:36:51', 'hergalan6', '2015-10-01 17:25:16', 'hergalan6');
INSERT INTO `formation` VALUES (20, 4, 'AC', 'LETTRE1', 'Formation lettre 1', '7ALEME', '200', 'M1-Enseignement et formation en lettres', 1, b'1', 1, '2015-09-24', '2015-10-11', '2015-10-11', NULL, NULL, NULL, 'AF0', NULL, 'XB', NULL, NULL, NULL, b'1', '2015-10-01 17:32:43', 'hergalan6', '2015-10-01 17:32:43', 'hergalan6');
INSERT INTO `formation` VALUES (21, 4, 'AC', 'LETTRE2', 'Formation lettre 2', '7ALEME', '200', 'M1-Enseignement et formation en lettres', 1, b'1', 1, '2015-09-24', '2015-10-11', '2015-10-11', NULL, NULL, NULL, 'AF0', NULL, 'XB', NULL, NULL, NULL, b'1', '2015-10-01 17:32:43', 'hergalan6', '2015-10-01 17:32:43', 'hergalan6');
INSERT INTO `formation` VALUES (22, 4, 'AC', 'LETTRE3', 'Formation lettre 3', '7ALEME', '200', 'M1-Enseignement et formation en lettres', 1, b'1', 1, '2015-09-24', '2015-10-11', '2015-10-11', NULL, NULL, NULL, 'AF0', NULL, 'XB', NULL, NULL, NULL, b'1', '2015-10-01 17:32:43', 'hergalan6', '2015-10-01 17:32:43', 'hergalan6');
INSERT INTO `formation` VALUES (23, 4, 'AD', 'LETTRE4', 'Formation lettre 4', '7ALEME', '200', 'M1-Enseignement et formation en lettres', 1, b'1', 1, '2015-09-24', '2015-10-11', '2015-10-11', NULL, NULL, NULL, 'AF0', NULL, 'XB', NULL, NULL, NULL, b'1', '2015-10-01 17:32:43', 'hergalan6', '2015-10-01 17:32:43', 'hergalan6');
INSERT INTO `formation` VALUES (24, 4, 'AD', 'LETTRE5', 'Formation lettre 5', '7ALEME', '200', 'M1-Enseignement et formation en lettres', 1, b'1', 1, '2015-09-24', '2015-10-11', '2015-10-11', NULL, NULL, NULL, 'AF0', NULL, 'XB', NULL, NULL, NULL, b'1', '2015-10-01 17:32:43', 'hergalan6', '2015-10-01 17:32:43', 'hergalan6');
INSERT INTO `formation` VALUES (25, 4, 'AD', 'LETTRE6', 'Formation lettre 6', '7ALEME', '200', 'M1-Enseignement et formation en lettres', 1, b'1', 1, '2015-09-24', '2015-10-11', '2015-10-11', NULL, NULL, NULL, 'AF0', NULL, 'XB', NULL, NULL, NULL, b'1', '2015-10-01 17:32:43', 'hergalan6', '2015-10-01 17:32:43', 'hergalan6');
INSERT INTO `formation` VALUES (26, 5, 'AC', 'LETTRE7', 'Formation lettre 7', '7ALEME', '200', 'M1-Enseignement et formation en lettres', 1, b'1', 1, '2015-09-24', '2015-10-11', '2015-10-11', NULL, NULL, NULL, 'AF0', NULL, 'XB', NULL, NULL, NULL, b'1', '2015-10-01 17:32:43', 'hergalan6', '2015-10-01 17:32:43', 'hergalan6');
INSERT INTO `formation` VALUES (27, 5, 'AC', 'LETTRE8', 'Formation lettre 8', '7ALEME', '200', 'M1-Enseignement et formation en lettres', 1, b'1', 1, '2015-09-24', '2015-10-11', '2015-10-11', NULL, NULL, NULL, 'AF0', NULL, 'XB', NULL, NULL, NULL, b'1', '2015-10-01 17:32:43', 'hergalan6', '2015-10-01 17:32:43', 'hergalan6');
INSERT INTO `formation` VALUES (28, 5, 'AC', 'LETTRE9', 'Formation lettre 9', '7ALEME', '200', 'M1-Enseignement et formation en lettres', 1, b'1', 1, '2015-09-24', '2015-10-11', '2015-10-11', NULL, NULL, NULL, 'AF0', NULL, 'XB', NULL, NULL, NULL, b'1', '2015-10-01 17:32:43', 'hergalan6', '2015-10-01 17:32:43', 'hergalan6');
INSERT INTO `formation` VALUES (29, 5, 'AD', 'LETTRE10', 'Formation lettre 10', '7ALEME', '200', 'M1-Enseignement et formation en lettres', 1, b'1', 1, '2015-09-24', '2015-10-11', '2015-10-11', NULL, NULL, NULL, 'AF0', NULL, 'XB', NULL, NULL, NULL, b'1', '2015-10-01 17:32:43', 'hergalan6', '2015-10-01 17:32:43', 'hergalan6');
INSERT INTO `formation` VALUES (30, 5, 'AD', 'LETTRE11', 'Formation lettre 11', '7ALEME', '200', 'M1-Enseignement et formation en lettres', 1, b'1', 1, '2015-09-24', '2015-10-11', '2015-10-11', NULL, NULL, NULL, 'AF0', NULL, 'XB', NULL, NULL, NULL, b'1', '2015-10-01 17:32:43', 'hergalan6', '2015-10-01 17:32:43', 'hergalan6');
INSERT INTO `formation` VALUES (31, 5, 'AD', 'LETTRE12', 'Formation lettre 12', '7ALEME', '200', 'M1-Enseignement et formation en lettres', 1, b'1', 1, '2015-09-24', '2015-10-11', '2015-10-11', NULL, NULL, NULL, 'AF0', NULL, 'XB', NULL, NULL, NULL, b'1', '2015-10-01 17:32:43', 'hergalan6', '2015-10-01 17:32:43', 'hergalan6');
INSERT INTO `formation` VALUES (32, 6, 'AC', 'LETTRE13', 'Formation lettre 13', '7ALEME', '200', 'M1-Enseignement et formation en lettres', 1, b'1', 1, '2015-09-24', '2015-10-11', '2015-10-11', NULL, NULL, NULL, 'AF0', NULL, 'XB', NULL, NULL, NULL, b'1', '2015-10-01 17:32:43', 'hergalan6', '2015-10-01 17:32:43', 'hergalan6');
INSERT INTO `formation` VALUES (33, 6, 'AC', 'LETTRE14', 'Formation lettre 14', '7ALEME', '200', 'M1-Enseignement et formation en lettres', 1, b'1', 1, '2015-09-24', '2015-10-11', '2015-10-11', NULL, NULL, NULL, 'AF0', NULL, 'XB', NULL, NULL, NULL, b'1', '2015-10-01 17:32:43', 'hergalan6', '2015-10-01 17:32:43', 'hergalan6');
INSERT INTO `formation` VALUES (34, 6, 'AC', 'LETTRE15', 'Formation lettre 15', '7ALEME', '200', 'M1-Enseignement et formation en lettres', 1, b'1', 1, '2015-09-24', '2015-10-11', '2015-10-11', NULL, NULL, NULL, 'AF0', NULL, 'XB', NULL, NULL, NULL, b'1', '2015-10-01 17:32:43', 'hergalan6', '2015-10-01 17:32:43', 'hergalan6');
INSERT INTO `formation` VALUES (35, 6, 'AD', 'LETTRE16', 'Formation lettre 16', '7ALEME', '200', 'M1-Enseignement et formation en lettres', 1, b'1', 1, '2015-09-24', '2015-10-11', '2015-10-11', NULL, NULL, NULL, 'AF0', NULL, 'XB', NULL, NULL, NULL, b'1', '2015-10-01 17:32:43', 'hergalan6', '2015-10-01 17:32:43', 'hergalan6');
INSERT INTO `formation` VALUES (36, 6, 'AD', 'LETTRE17', 'Formation lettre 17', '7ALEME', '200', 'M1-Enseignement et formation en lettres', 1, b'1', 1, '2015-09-24', '2015-10-11', '2015-10-11', NULL, NULL, NULL, 'AF0', NULL, 'XB', NULL, NULL, NULL, b'1', '2015-10-01 17:32:43', 'hergalan6', '2015-10-01 17:32:43', 'hergalan6');
INSERT INTO `formation` VALUES (37, 6, 'AD', 'LETTRE18', 'Formation lettre 18', '7ALEME', '200', 'M1-Enseignement et formation en lettres', 1, b'1', 1, '2015-09-24', '2015-10-11', '2015-10-11', NULL, NULL, NULL, 'AF0', NULL, 'XB', NULL, NULL, NULL, b'1', '2015-10-01 17:32:43', 'hergalan6', '2015-10-01 17:32:43', 'hergalan6');
INSERT INTO `formation` VALUES (38, 7, 'AC', 'MATH1', 'Formation math 1', '7SMATE', '200', 'M1-Enseignement et formation en mathematiques', 1, b'1', 1, '2015-09-24', '2015-10-11', '2015-10-11', NULL, NULL, NULL, 'FB0', NULL, 'XB', '2015-10-30', '13:45:00', 'Nancy', b'1', '2015-10-01 17:40:10', 'hergalan6', '2015-10-01 17:41:22', 'hergalan6');
INSERT INTO `formation` VALUES (39, 7, 'AD', 'MATH2', 'Enseignement math 2', '9SMATE', '200', 'M2-Enseignement et formation en mathematiques', 1, b'1', 1, '2015-09-24', '2015-10-11', '2015-10-11', NULL, NULL, NULL, 'FB0', NULL, 'XA', NULL, NULL, NULL, b'1', '2015-10-01 17:40:46', 'hergalan6', '2015-10-01 17:40:46', 'hergalan6');
INSERT INTO `formation` VALUES (40, 7, 'AC', 'MATH3', 'Formation math 3', '7SMATE', '200', 'M1-Enseignement et formation en mathematiques', 1, b'1', 1, '2015-09-24', '2015-10-11', '2015-10-11', NULL, NULL, NULL, 'FB0', NULL, 'XB', '2015-10-30', '13:45:00', 'Nancy', b'1', '2015-10-01 17:40:10', 'hergalan6', '2015-10-01 17:41:22', 'hergalan6');
INSERT INTO `formation` VALUES (41, 7, 'AD', 'MATH4', 'Enseignement math 4', '9SMATE', '200', 'M2-Enseignement et formation en mathematiques', 1, b'1', 1, '2015-09-24', '2015-10-11', '2015-10-11', NULL, NULL, NULL, 'FB0', NULL, 'XA', NULL, NULL, NULL, b'1', '2015-10-01 17:40:46', 'hergalan6', '2015-10-01 17:40:46', 'hergalan6');
INSERT INTO `formation` VALUES (42, 7, 'AC', 'MATH5', 'Formation math 5', '7SMATE', '200', 'M1-Enseignement et formation en mathematiques', 1, b'1', 1, '2015-09-24', '2015-10-11', '2015-10-11', NULL, NULL, NULL, 'FB0', NULL, 'XB', '2015-10-30', '13:45:00', 'Nancy', b'1', '2015-10-01 17:40:10', 'hergalan6', '2015-10-01 17:41:22', 'hergalan6');
INSERT INTO `formation` VALUES (43, 7, 'AD', 'MATH6', 'Enseignement math 6', '9SMATE', '200', 'M2-Enseignement et formation en mathematiques', 1, b'1', 1, '2015-09-24', '2015-10-11', '2015-10-11', NULL, NULL, NULL, 'FB0', NULL, 'XA', NULL, NULL, NULL, b'1', '2015-10-01 17:40:46', 'hergalan6', '2015-10-01 17:40:46', 'hergalan6');
INSERT INTO `formation` VALUES (44, 8, 'AC', 'MATH7', 'Formation math 7', '7SMATE', '200', 'M1-Enseignement et formation en mathematiques', 1, b'1', 1, '2015-09-24', '2015-10-11', '2015-10-11', NULL, NULL, NULL, 'FB0', NULL, 'XB', '2015-10-30', '13:45:00', 'Nancy', b'1', '2015-10-01 17:40:10', 'hergalan6', '2015-10-01 17:41:22', 'hergalan6');
INSERT INTO `formation` VALUES (45, 8, 'AD', 'MATH8', 'Enseignement math 8', '9SMATE', '200', 'M2-Enseignement et formation en mathematiques', 1, b'1', 1, '2015-09-24', '2015-10-11', '2015-10-11', NULL, NULL, NULL, 'FB0', NULL, 'XA', NULL, NULL, NULL, b'1', '2015-10-01 17:40:46', 'hergalan6', '2015-10-01 17:40:46', 'hergalan6');
INSERT INTO `formation` VALUES (46, 8, 'AC', 'MATH9', 'Formation math 9', '7SMATE', '200', 'M1-Enseignement et formation en mathematiques', 1, b'1', 1, '2015-09-24', '2015-10-11', '2015-10-11', NULL, NULL, NULL, 'FB0', NULL, 'XB', '2015-10-30', '13:45:00', 'Nancy', b'1', '2015-10-01 17:40:10', 'hergalan6', '2015-10-01 17:41:22', 'hergalan6');
INSERT INTO `formation` VALUES (47, 8, 'AD', 'MATH10', 'Enseignement math 10', '9SMATE', '200', 'M2-Enseignement et formation en mathematiques', 1, b'1', 1, '2015-09-24', '2015-10-11', '2015-10-11', NULL, NULL, NULL, 'FB0', NULL, 'XA', NULL, NULL, NULL, b'1', '2015-10-01 17:40:46', 'hergalan6', '2015-10-01 17:40:46', 'hergalan6');
INSERT INTO `formation` VALUES (48, 8, 'AC', 'MATH11', 'Formation math 11', '7SMATE', '200', 'M1-Enseignement et formation en mathematiques', 1, b'1', 1, '2015-09-24', '2015-10-11', '2015-10-11', NULL, NULL, NULL, 'FB0', NULL, 'XB', '2015-10-30', '13:45:00', 'Nancy', b'1', '2015-10-01 17:40:10', 'hergalan6', '2015-10-01 17:41:22', 'hergalan6');
INSERT INTO `formation` VALUES (49, 8, 'AD', 'MATH12', 'Enseignement math 12', '9SMATE', '200', 'M2-Enseignement et formation en mathematiques', 1, b'1', 1, '2015-09-24', '2015-10-11', '2015-10-11', NULL, NULL, NULL, 'FB0', NULL, 'XA', NULL, NULL, NULL, b'1', '2015-10-01 17:40:46', 'hergalan6', '2015-10-01 17:40:46', 'hergalan6');
INSERT INTO `formation` VALUES (50, 9, 'AC', 'MATH13', 'Formation math 13', '7SMATE', '200', 'M1-Enseignement et formation en mathematiques', 1, b'1', 1, '2015-09-24', '2015-10-11', '2015-10-11', NULL, NULL, NULL, 'FB0', NULL, 'XB', '2015-10-30', '13:45:00', 'Nancy', b'1', '2015-10-01 17:40:10', 'hergalan6', '2015-10-01 17:41:22', 'hergalan6');
INSERT INTO `formation` VALUES (51, 9, 'AD', 'MATH14', 'Enseignement math 14', '9SMATE', '200', 'M2-Enseignement et formation en mathematiques', 1, b'1', 1, '2015-09-24', '2015-10-11', '2015-10-11', NULL, NULL, NULL, 'FB0', NULL, 'XA', NULL, NULL, NULL, b'1', '2015-10-01 17:40:46', 'hergalan6', '2015-10-01 17:40:46', 'hergalan6');
INSERT INTO `formation` VALUES (52, 9, 'AC', 'MATH15', 'Formation math 15', '7SMATE', '200', 'M1-Enseignement et formation en mathematiques', 1, b'1', 1, '2015-09-24', '2015-10-11', '2015-10-11', NULL, NULL, NULL, 'FB0', NULL, 'XB', '2015-10-30', '13:45:00', 'Nancy', b'1', '2015-10-01 17:40:10', 'hergalan6', '2015-10-01 17:41:22', 'hergalan6');
INSERT INTO `formation` VALUES (53, 9, 'AD', 'MATH16', 'Enseignement math 16', '9SMATE', '200', 'M2-Enseignement et formation en mathematiques', 1, b'1', 1, '2015-09-24', '2015-10-11', '2015-10-11', NULL, NULL, NULL, 'FB0', NULL, 'XA', NULL, NULL, NULL, b'1', '2015-10-01 17:40:46', 'hergalan6', '2015-10-01 17:40:46', 'hergalan6');
INSERT INTO `formation` VALUES (54, 9, 'AC', 'MATH17', 'Formation math 17', '7SMATE', '200', 'M1-Enseignement et formation en mathematiques', 1, b'1', 1, '2015-09-24', '2015-10-11', '2015-10-11', NULL, NULL, NULL, 'FB0', NULL, 'XB', '2015-10-30', '13:45:00', 'Nancy', b'1', '2015-10-01 17:40:10', 'hergalan6', '2015-10-01 17:41:22', 'hergalan6');
INSERT INTO `formation` VALUES (55, 9, 'AD', 'MATH18', 'Enseignement math 18', '9SMATE', '200', 'M2-Enseignement et formation en mathematiques', 1, b'1', 1, '2015-09-24', '2015-10-11', '2015-10-11', NULL, NULL, NULL, 'FB0', NULL, 'XA', NULL, NULL, NULL, b'1', '2015-10-01 17:40:46', 'hergalan6', '2015-10-01 17:40:46', 'hergalan6');
INSERT INTO `compte_minima` VALUES (1, 1, 'kevin.hergalant@univ-lorraine.fr', 'Hergalant', 'Kevin', '1QJ5A59F', NULL, '1000:e8f248887e4dbb5e7ca69b2dfd0de5597153e84ee29ee299:bb264382b9c37c7b7f86e264e50c7c5097f2135bdef4a3af', NULL, b'1', b'1', '2015-10-07 23:00:00', '2015-10-02 10:30:46');
INSERT INTO `adresse` VALUES (11, '100', '57420', '57605', NULL, '15 RUE DE METZ', NULL, NULL);
INSERT INTO `candidat` VALUES (1, 'M.', 'HERGALANT', NULL, 'KEVIN', NULL, '1980-06-08', '100', '1292009934', 'Z', '100', '057', 'METZ', 11, '03/87/57/72/06', NULL, 'fr', 1, b'0');
INSERT INTO `candidat_bac_ou_equ` VALUES (1, '100', '057', NULL, '0570054Z', 1998, 'S', 'P', b'0');
INSERT INTO `candidat_cursus_interne` VALUES (1, 1, 1999, 'U10136/951', 'DUT STATISTIQUE ET TRAITEMENT INFO DES DONNEES 1ERE ANNEE - Session 1', NULL, 'ADM');
INSERT INTO `candidat_cursus_interne` VALUES (2, 1, 2000, 'U20136/951', 'DUT STATISTIQUE ET TRAITEMENT INFO DES DONNEES 2EME ANNEE - Session 1', NULL, 'ADM');
INSERT INTO `candidat_cursus_interne` VALUES (3, 1, 2001, 'T10325/221', 'MST CHEF DE PROJET EN TECHNOLOGIE DE L\'INFO-COMMUNICATION N1 - Session 1', NULL, 'ADM');
INSERT INTO `candidat_cursus_interne` VALUES (4, 1, 2002, 'T20325/221', 'MST CHEF DE PROJET EN TECHNOLOGIE DE L\'INFO-COMMUNICATION N2 - Session 1', NULL, 'ADM');
INSERT INTO `candidat_cursus_interne` VALUES (5, 1, 2003, 'S10498/231', 'DESS ISI MENTION GENIE INFORMATIQUE - Session 1', 'B', 'ADM');